event,ml_odds,dec_odds,bet,implied_prob,payout,override,profit
ATL_ny_panthers,3994.9999999999995,40.95,0.0453,0.024420024420024423,1.8531,0,1.0
ATL_ny_pats,2303.9473684210525,24.0395,0.0771,0.04159824849480022,1.8531,0,1.0
ny_panthers_saints,1690.566037735849,17.9057,0.1035,0.05584826132771338,1.8531,0,1.0
ny_pats_saints,951.1420059582917,10.5114,0.1763,0.09513462446858764,1.8531,0,1.0
ATL_KC_panthers,867.909090909091,9.6791,0.1834,0.10331548793087254,1.7751,0,0.922
ATL_KC_pats,468.20574162679424,5.6821,0.1413,0.17599258978569327,0.8027,0,-0.05
KC_panthers_saints,323.2246998284735,4.2322,0.1063,0.23628110561724888,0.45,0,-0.403
KC_pats_saints,148.451746862869,2.4845,0.01,0.40249264198248613,0.0248,0,-0.828
KC,100.0,2.0,0.01,0.5,0.02,0,-0.833
