event,ml_odds,dec_odds,bet,implied_prob,payout,override,profit
hofstra_nrth_bama_tenn,2144.0,22.44,0.01,0.044563279857397504,0.2244,0,0.116
cinci_nrth_bama_tenn,1957.0000000000005,20.57,0.01,0.048614487117160904,0.2057,0,0.097
duke_hofstra_nrth_bama,1268.888888888889,13.6889,0.0134,0.07305194805194805,0.1838,0,0.075
cinci_duke_nrth_bama,1154.814814814815,12.5481,0.0146,0.07969303423848877,0.1838,0,0.075
hofstra_sth_utah_tenn,530.0,6.3,0.02,0.15873015873015872,0.1258,0,0.017
cinci_sth_utah_tenn,477.50000000000006,5.775,0.0188,0.17316017316017315,0.1087,0,-0.0
duke_hofstra_sth_utah,284.3137254901961,3.8431,0.0119,0.2602040816326531,0.0457,0,-0.063
cinci_duke_sth_utah,252.28758169934648,3.5229,0.01,0.2838589981447124,0.0352,0,-0.074
